edge_id,endpoint_count,min_distance_to_shell,max_distance_to_shell,avg_distance_to_shell,flag_gt_0.01,flag_gt_0.1,flag_gt_1.0
E9,2,5.6587032753906215,8.691059275390622,7.1748812753906215,True,True,True
E13,2,5.658715275390627,8.691059275390622,7.174887275390624,True,True,True
E102,2,5.171537275390627,8.691059275390622,6.931298275390624,True,True,True
E250,2,3.8020142753906256,8.691059275390622,6.246536775390624,True,True,True
E278,2,5.6587032753906215,8.691059275390622,7.1748812753906215,True,True,True
E282,2,5.658715275390627,8.691059275390622,7.174887275390624,True,True,True
E371,2,5.171537275390627,8.691059275390622,6.931298275390624,True,True,True
E519,2,3.8020142753906256,8.691059275390622,6.246536775390624,True,True,True
E10,2,3.6710652753906245,5.658715275390627,4.664890275390626,True,True,True
E12,2,4.658237275390626,5.658715275390627,5.158476275390626,True,True,True
E279,2,3.6710652753906245,5.658715275390627,4.664890275390626,True,True,True
E281,2,4.658237275390626,5.658715275390627,5.158476275390626,True,True,True
E6,2,3.6710422753906258,5.6587032753906215,4.664872775390624,True,True,True
E8,2,4.658237275390626,5.6587032753906215,5.1584702753906235,True,True,True
E275,2,3.6710422753906258,5.6587032753906215,4.664872775390624,True,True,True
E277,2,4.658237275390626,5.6587032753906215,5.1584702753906235,True,True,True
E65,2,3.059477275390627,5.171537275390627,4.115507275390627,True,True,True
E100,2,4.658237275390626,5.171537275390627,4.914887275390626,True,True,True
E123,2,3.7297112753906276,5.171537275390627,4.450624275390627,True,True,True
E130,2,3.7297112753906276,5.171537275390627,4.450624275390627,True,True,True
E334,2,3.059477275390627,5.171537275390627,4.115507275390627,True,True,True
E369,2,4.658237275390626,5.171537275390627,4.914887275390626,True,True,True
E392,2,3.7297112753906276,5.171537275390627,4.450624275390627,True,True,True
E399,2,3.7297112753906276,5.171537275390627,4.450624275390627,True,True,True
E547,2,3.057049275390625,4.695218275390623,3.876133775390624,True,True,True
E551,2,3.057055275390624,4.695218275390623,3.8761367753906235,True,True,True
E640,2,2.7938672753906246,4.695218275390623,3.7445427753906237,True,True,True
E788,2,2.054010275390624,4.695218275390623,3.3746142753906234,True,True,True
E816,2,3.057049275390625,4.695218275390623,3.876133775390624,True,True,True
E820,2,3.057055275390624,4.695218275390623,3.8761367753906235,True,True,True
E909,2,2.7938672753906246,4.695218275390623,3.7445427753906237,True,True,True
E1057,2,2.054010275390624,4.695218275390623,3.3746142753906234,True,True,True
E99,2,2.753743275390626,4.658237275390626,3.7059902753906258,True,True,True
E136,2,2.860003275390625,4.658237275390626,3.759120275390625,True,True,True
E146,2,2.8600002753906253,4.658237275390626,3.7591187753906254,True,True,True
E368,2,2.753743275390626,4.658237275390626,3.7059902753906258,True,True,True
E405,2,2.860003275390625,4.658237275390626,3.759120275390625,True,True,True
E415,2,2.8600002753906253,4.658237275390626,3.7591187753906254,True,True,True
E220,2,1.584197275390622,3.8020142753906256,2.693105775390624,True,True,True
E225,2,1.5841942753906224,3.8020142753906256,2.693104275390624,True,True,True
E233,2,1.5216362753906267,3.8020142753906256,2.661825275390626,True,True,True
E238,2,1.543300275390628,3.8020142753906256,2.672657275390627,True,True,True
E241,2,1.543300275390628,3.8020142753906256,2.672657275390627,True,True,True
E247,2,1.8768362753906231,3.8020142753906256,2.8394252753906244,True,True,True
E489,2,1.584197275390622,3.8020142753906256,2.693105775390624,True,True,True
E494,2,1.5841942753906224,3.8020142753906256,2.693104275390624,True,True,True
E502,2,1.5216362753906267,3.8020142753906256,2.661825275390626,True,True,True
E507,2,1.543300275390628,3.8020142753906256,2.672657275390627,True,True,True
E510,2,1.543300275390628,3.8020142753906256,2.672657275390627,True,True,True
E516,2,1.8768362753906231,3.8020142753906256,2.8394252753906244,True,True,True
E117,2,2.1997302753906283,3.7297112753906276,2.964720775390628,True,True,True
E122,2,2.753743275390626,3.7297112753906276,3.2417272753906268,True,True,True
E125,2,2.318607275390626,3.7297112753906276,3.024159275390627,True,True,True
E131,2,2.753743275390626,3.7297112753906276,3.2417272753906268,True,True,True
E386,2,2.1997302753906283,3.7297112753906276,2.964720775390628,True,True,True
E391,2,2.753743275390626,3.7297112753906276,3.2417272753906268,True,True,True
E394,2,2.318607275390626,3.7297112753906276,3.024159275390627,True,True,True
E400,2,2.753743275390626,3.7297112753906276,3.2417272753906268,True,True,True
E3,2,2.3136362753906283,3.6710652753906245,2.9923507753906264,True,True,True
E5,2,2.318607275390626,3.6710652753906245,2.9948362753906252,True,True,True
E11,2,2.8600002753906253,3.6710652753906245,3.265532775390625,True,True,True
E251,2,1.543300275390628,3.6710652753906245,2.6071827753906263,True,True,True
E255,2,1.477379275390625,3.6710652753906245,2.5742222753906248,True,True,True
E256,2,1.3527512753906237,3.6710652753906245,2.511908275390624,True,True,True
E272,2,2.3136362753906283,3.6710652753906245,2.9923507753906264,True,True,True
E274,2,2.318607275390626,3.6710652753906245,2.9948362753906252,True,True,True
E280,2,2.8600002753906253,3.6710652753906245,3.265532775390625,True,True,True
E520,2,1.543300275390628,3.6710652753906245,2.6071827753906263,True,True,True
E524,2,1.477379275390625,3.6710652753906245,2.5742222753906248,True,True,True
E525,2,1.3527512753906237,3.6710652753906245,2.511908275390624,True,True,True
E2,2,2.313616275390622,3.6710422753906258,2.992329275390624,True,True,True
E4,2,2.1997302753906283,3.6710422753906258,2.935386275390627,True,True,True
E7,2,2.860003275390625,3.6710422753906258,3.2655227753906253,True,True,True
E252,2,1.543300275390628,3.6710422753906258,2.607171275390627,True,True,True
E253,2,1.3527662753906284,3.6710422753906258,2.511904275390627,True,True,True
E254,2,1.4773802753906224,3.6710422753906258,2.574211275390624,True,True,True
E271,2,2.313616275390622,3.6710422753906258,2.992329275390624,True,True,True
E273,2,2.1997302753906283,3.6710422753906258,2.935386275390627,True,True,True
E276,2,2.860003275390625,3.6710422753906258,3.2655227753906253,True,True,True
E521,2,1.543300275390628,3.6710422753906258,2.607171275390627,True,True,True
E522,2,1.3527662753906284,3.6710422753906258,2.511904275390627,True,True,True
E523,2,1.4773802753906224,3.6710422753906258,2.574211275390624,True,True,True
E38,2,1.7869642753906234,3.059477275390627,2.423220775390625,True,True,True
E66,2,2.753743275390626,3.059477275390627,2.9066102753906264,True,True,True
E77,2,2.2270392753906236,3.059477275390627,2.6432582753906253,True,True,True
E86,2,2.227038275390626,3.059477275390627,2.6432577753906266,True,True,True
E182,2,1.199831275390622,3.059477275390627,2.1296542753906245,True,True,True
E185,2,1.199835275390626,3.059477275390627,2.1296562753906265,True,True,True
E307,2,1.7869642753906234,3.059477275390627,2.423220775390625,True,True,True
E335,2,2.753743275390626,3.059477275390627,2.9066102753906264,True,True,True
E346,2,2.2270392753906236,3.059477275390627,2.6432582753906253,True,True,True
E355,2,2.227038275390626,3.059477275390627,2.6432577753906266,True,True,True
E451,2,1.199831275390622,3.059477275390627,2.1296542753906245,True,True,True
E454,2,1.199835275390626,3.059477275390627,2.1296562753906265,True,True,True
E548,2,1.9832672753906238,3.057055275390624,2.520161275390624,True,True,True
E550,2,2.516567275390628,3.057055275390624,2.786811275390626,True,True,True
E817,2,1.9832672753906238,3.057055275390624,2.520161275390624,True,True,True
E819,2,2.516567275390628,3.057055275390624,2.786811275390626,True,True,True
E544,2,1.9832552753906256,3.057049275390625,2.5201522753906254,True,True,True
E546,2,2.516567275390628,3.057049275390625,2.7868082753906265,True,True,True
E813,2,1.9832552753906256,3.057049275390625,2.5201522753906254,True,True,True
E815,2,2.516567275390628,3.057049275390625,2.7868082753906265,True,True,True
E133,2,1.7389872753906275,2.860003275390625,2.299495275390626,True,True,True
E137,2,1.8768362753906231,2.860003275390625,2.368419775390624,True,True,True
E402,2,1.7389872753906275,2.860003275390625,2.299495275390626,True,True,True
E406,2,1.8768362753906231,2.860003275390625,2.368419775390624,True,True,True
E147,2,1.8768362753906231,2.8600002753906253,2.368418275390624,True,True,True
E148,2,1.739027275390626,2.8600002753906253,2.2995137753906256,True,True,True
E416,2,1.8768362753906231,2.8600002753906253,2.368418275390624,True,True,True
E417,2,1.739027275390626,2.8600002753906253,2.2995137753906256,True,True,True
E603,2,1.6528692753906284,2.7938672753906246,2.2233682753906265,True,True,True
E638,2,2.516567275390628,2.7938672753906246,2.6552172753906262,True,True,True
E661,2,2.0149502753906248,2.7938672753906246,2.4044087753906247,True,True,True
E668,2,2.0149502753906248,2.7938672753906246,2.4044087753906247,True,True,True
E872,2,1.6528692753906284,2.7938672753906246,2.2233682753906265,True,True,True
E907,2,2.516567275390628,2.7938672753906246,2.6552172753906262,True,True,True
E930,2,2.0149502753906248,2.7938672753906246,2.4044087753906247,True,True,True
E937,2,2.0149502753906248,2.7938672753906246,2.4044087753906247,True,True,True
E64,2,1.4189982753906278,2.753743275390626,2.086370775390627,True,True,True
E101,2,1.8768362753906231,2.753743275390626,2.3152897753906245,True,True,True
E121,2,1.7444662753906215,2.753743275390626,2.2491047753906237,True,True,True
E132,2,1.7444662753906215,2.753743275390626,2.2491047753906237,True,True,True
E333,2,1.4189982753906278,2.753743275390626,2.086370775390627,True,True,True
E370,2,1.8768362753906231,2.753743275390626,2.3152897753906245,True,True,True
E390,2,1.7444662753906215,2.753743275390626,2.2491047753906237,True,True,True
E401,2,1.7444662753906215,2.753743275390626,2.2491047753906237,True,True,True
E637,2,1.487703275390622,2.516567275390628,2.002135275390625,True,True,True
E674,2,1.5451072753906274,2.516567275390628,2.0308372753906276,True,True,True
E684,2,1.5451062753906228,2.516567275390628,2.0308367753906253,True,True,True
E906,2,1.487703275390622,2.516567275390628,2.002135275390625,True,True,True
E943,2,1.5451072753906274,2.516567275390628,2.0308372753906276,True,True,True
E953,2,1.5451062753906228,2.516567275390628,2.0308367753906253,True,True,True
E61,2,1.169685275390627,2.318607275390626,1.7441462753906265,True,True,True
E96,2,1.739027275390626,2.318607275390626,2.028817275390626,True,True,True
E126,2,1.7444662753906215,2.318607275390626,2.0315367753906237,True,True,True
E127,2,1.5690172753906282,2.318607275390626,1.943812275390627,True,True,True
E330,2,1.169685275390627,2.318607275390626,1.7441462753906265,True,True,True
E365,2,1.739027275390626,2.318607275390626,2.028817275390626,True,True,True
E395,2,1.7444662753906215,2.318607275390626,2.0315367753906237,True,True,True
E396,2,1.5690172753906282,2.318607275390626,1.943812275390627,True,True,True
E16,2,1.380965275390622,2.3136362753906283,1.8473007753906252,True,True,True
E17,2,1.739027275390626,2.3136362753906283,2.026331775390627,True,True,True
E285,2,1.380965275390622,2.3136362753906283,1.8473007753906252,True,True,True
E286,2,1.739027275390626,2.3136362753906283,2.026331775390627,True,True,True
E14,2,1.7389872753906275,2.313616275390622,2.0263017753906247,True,True,True
E15,2,1.3808722753906224,2.313616275390622,1.8472442753906222,True,True,True
E283,2,1.7389872753906275,2.313616275390622,2.0263017753906247,True,True,True
E284,2,1.3808722753906224,2.313616275390622,1.8472442753906222,True,True,True
E67,2,1.169687275390622,2.2270392753906236,1.6983632753906228,True,True,True
E74,2,1.4189982753906278,2.2270392753906236,1.8230187753906257,True,True,True
E336,2,1.169687275390622,2.2270392753906236,1.6983632753906228,True,True,True
E343,2,1.4189982753906278,2.2270392753906236,1.8230187753906257,True,True,True
E70,2,1.169685275390627,2.227038275390626,1.6983617753906266,True,True,True
E80,2,1.4189982753906278,2.227038275390626,1.823018275390627,True,True,True
E339,2,1.169685275390627,2.227038275390626,1.6983617753906266,True,True,True
E349,2,1.4189982753906278,2.227038275390626,1.823018275390627,True,True,True
E60,2,1.169687275390622,2.1997302753906283,1.6847087753906251,True,True,True
E95,2,1.7389872753906275,2.1997302753906283,1.9693587753906279,True,True,True
E118,2,1.7444662753906215,2.1997302753906283,1.9720982753906249,True,True,True
E124,2,1.5690162753906236,2.1997302753906283,1.884373275390626,True,True,True
E329,2,1.169687275390622,2.1997302753906283,1.6847087753906251,True,True,True
E364,2,1.7389872753906275,2.1997302753906283,1.9693587753906279,True,True,True
E387,2,1.7444662753906215,2.1997302753906283,1.9720982753906249,True,True,True
E393,2,1.5690162753906236,2.1997302753906283,1.884373275390626,True,True,True
E758,2,0.8558792753906275,2.054010275390624,1.4549447753906257,True,True,True
E763,2,0.8558772753906254,2.054010275390624,1.4549437753906247,True,True,True
E771,2,0.8220822753906276,2.054010275390624,1.4380462753906258,True,True,True
E776,2,0.8337852753906247,2.054010275390624,1.4438977753906244,True,True,True
E779,2,0.8337852753906247,2.054010275390624,1.4438977753906244,True,True,True
E785,2,1.0139712753906238,2.054010275390624,1.533990775390624,True,True,True
E1027,2,0.8558792753906275,2.054010275390624,1.4549447753906257,True,True,True
E1032,2,0.8558772753906254,2.054010275390624,1.4549437753906247,True,True,True
E1040,2,0.8220822753906276,2.054010275390624,1.4380462753906258,True,True,True
E1045,2,0.8337852753906247,2.054010275390624,1.4438977753906244,True,True,True
E1048,2,0.8337852753906247,2.054010275390624,1.4438977753906244,True,True,True
E1054,2,1.0139712753906238,2.054010275390624,1.533990775390624,True,True,True
E655,2,1.1884082753906284,2.0149502753906248,1.6016792753906266,True,True,True
E660,2,1.487703275390622,2.0149502753906248,1.7513267753906234,True,True,True
E663,2,1.2526292753906247,2.0149502753906248,1.6337897753906248,True,True,True
E669,2,1.487703275390622,2.0149502753906248,1.7513267753906234,True,True,True
E924,2,1.1884082753906284,2.0149502753906248,1.6016792753906266,True,True,True
E929,2,1.487703275390622,2.0149502753906248,1.7513267753906234,True,True,True
E932,2,1.2526292753906247,2.0149502753906248,1.6337897753906248,True,True,True
E938,2,1.487703275390622,2.0149502753906248,1.7513267753906234,True,True,True
E541,2,1.2499442753906251,1.9832672753906238,1.6166057753906244,True,True,True
E543,2,1.2526292753906247,1.9832672753906238,1.6179482753906242,True,True,True
E549,2,1.5451062753906228,1.9832672753906238,1.7641867753906233,True,True,True
E789,2,0.8337852753906247,1.9832672753906238,1.4085262753906242,True,True,True
E793,2,0.7981732753906243,1.9832672753906238,1.390720275390624,True,True,True
E794,2,0.730845275390628,1.9832672753906238,1.357056275390626,True,True,True
E810,2,1.2499442753906251,1.9832672753906238,1.6166057753906244,True,True,True
E812,2,1.2526292753906247,1.9832672753906238,1.6179482753906242,True,True,True
E818,2,1.5451062753906228,1.9832672753906238,1.7641867753906233,True,True,True
E1058,2,0.8337852753906247,1.9832672753906238,1.4085262753906242,True,True,True
E1062,2,0.7981732753906243,1.9832672753906238,1.390720275390624,True,True,True
E1063,2,0.730845275390628,1.9832672753906238,1.357056275390626,True,True,True
E540,2,1.2499332753906245,1.9832552753906256,1.616594275390625,True,True,True
E542,2,1.1884082753906284,1.9832552753906256,1.585831775390627,True,True,True
E545,2,1.5451072753906274,1.9832552753906256,1.7641812753906265,True,True,True
E790,2,0.8337852753906247,1.9832552753906256,1.4085202753906252,True,True,True
E791,2,0.7308532753906221,1.9832552753906256,1.3570542753906238,True,True,True
E792,2,0.7981732753906243,1.9832552753906256,1.390714275390625,True,True,True
E809,2,1.2499332753906245,1.9832552753906256,1.616594275390625,True,True,True
E811,2,1.1884082753906284,1.9832552753906256,1.585831775390627,True,True,True
E814,2,1.5451072753906274,1.9832552753906256,1.7641812753906265,True,True,True
E1059,2,0.8337852753906247,1.9832552753906256,1.4085202753906252,True,True,True
E1060,2,0.7308532753906221,1.9832552753906256,1.3570542753906238,True,True,True
E1061,2,0.7981732753906243,1.9832552753906256,1.390714275390625,True,True,True
E98,2,0.7704852753906266,1.8768362753906231,1.3236607753906249,True,True,True
E139,2,0.9054942753906232,1.8768362753906231,1.3911652753906232,True,True,True
E157,2,0.9054852753906246,1.8768362753906231,1.3911607753906239,True,True,True
E249,2,0.0,1.8768362753906231,0.9384181376953116,True,True,True
E367,2,0.7704852753906266,1.8768362753906231,1.3236607753906249,True,True,True
E408,2,0.9054942753906232,1.8768362753906231,1.3911652753906232,True,True,True
E426,2,0.9054852753906246,1.8768362753906231,1.3911607753906239,True,True,True
E518,2,0.0,1.8768362753906231,0.9384181376953116,True,True,True
E24,2,0.8866572753906254,1.7869642753906234,1.3368107753906244,True,True,True
E36,2,1.4189982753906278,1.7869642753906234,1.6029812753906256,True,True,True
E43,2,1.125794275390625,1.7869642753906234,1.4563792753906242,True,True,True
E47,2,1.125794275390625,1.7869642753906234,1.4563792753906242,True,True,True
E293,2,0.8866572753906254,1.7869642753906234,1.3368107753906244,True,True,True
E305,2,1.4189982753906278,1.7869642753906234,1.6029812753906256,True,True,True
E312,2,1.125794275390625,1.7869642753906234,1.4563792753906242,True,True,True
E316,2,1.125794275390625,1.7869642753906234,1.4563792753906242,True,True,True
E110,2,0.6227122753906258,1.7444662753906215,1.1835892753906236,True,True,True
E115,2,0.6227162753906228,1.7444662753906215,1.1835912753906221,True,True,True
E119,2,0.7704852753906266,1.7444662753906215,1.257475775390624,True,True,True
E128,2,0.7704852753906266,1.7444662753906215,1.257475775390624,True,True,True
E379,2,0.6227122753906258,1.7444662753906215,1.1835892753906236,True,True,True
E384,2,0.6227162753906228,1.7444662753906215,1.1835912753906221,True,True,True
E388,2,0.7704852753906266,1.7444662753906215,1.257475775390624,True,True,True
E397,2,0.7704852753906266,1.7444662753906215,1.257475775390624,True,True,True
E94,2,0.6227162753906228,1.739027275390626,1.1808717753906244,True,True,True
E150,2,0.7937062753906261,1.739027275390626,1.266366775390626,True,True,True
E152,2,0.9054852753906246,1.739027275390626,1.3222562753906253,True,True,True
E363,2,0.6227162753906228,1.739027275390626,1.1808717753906244,True,True,True
E419,2,0.7937062753906261,1.739027275390626,1.266366775390626,True,True,True
E421,2,0.9054852753906246,1.739027275390626,1.3222562753906253,True,True,True
E92,2,0.6227122753906258,1.7389872753906275,1.1808497753906266,True,True,True
E134,2,0.9054942753906232,1.7389872753906275,1.3222407753906253,True,True,True
E141,2,0.7937172753906268,1.7389872753906275,1.2663522753906271,True,True,True
E361,2,0.6227122753906258,1.7389872753906275,1.1808497753906266,True,True,True
E403,2,0.9054942753906232,1.7389872753906275,1.3222407753906253,True,True,True
E410,2,0.7937172753906268,1.7389872753906275,1.2663522753906271,True,True,True
E576,2,0.9654202753906276,1.6528692753906284,1.309144775390628,True,True,True
E604,2,1.487703275390622,1.6528692753906284,1.5702862753906253,True,True,True
E615,2,1.2031612753906273,1.6528692753906284,1.428015275390628,True,True,True
E624,2,1.2031612753906273,1.6528692753906284,1.428015275390628,True,True,True
E720,2,0.6482332753906235,1.6528692753906284,1.150551275390626,True,True,True
E723,2,0.6482352753906255,1.6528692753906284,1.150552275390627,True,True,True
E845,2,0.9654202753906276,1.6528692753906284,1.309144775390628,True,True,True
E873,2,1.487703275390622,1.6528692753906284,1.5702862753906253,True,True,True
E884,2,1.2031612753906273,1.6528692753906284,1.428015275390628,True,True,True
E893,2,1.2031612753906273,1.6528692753906284,1.428015275390628,True,True,True
E989,2,0.6482332753906235,1.6528692753906284,1.150551275390626,True,True,True
E992,2,0.6482352753906255,1.6528692753906284,1.150552275390627,True,True,True
E208,2,0.7397872753906256,1.584197275390622,1.1619922753906238,True,True,True
E209,2,1.0699442753906254,1.584197275390622,1.3270707753906237,True,True,True
E213,2,0.0,1.584197275390622,0.792098637695311,True,True,True
E221,2,0.0,1.584197275390622,0.792098637695311,True,True,True
E477,2,0.7397872753906256,1.584197275390622,1.1619922753906238,True,True,True
E478,2,1.0699442753906254,1.584197275390622,1.3270707753906237,True,True,True
E482,2,0.0,1.584197275390622,0.792098637695311,True,True,True
E490,2,0.0,1.584197275390622,0.792098637695311,True,True,True
E196,2,0.7397852753906236,1.5841942753906224,1.161989775390623,True,True,True
E197,2,1.069955275390626,1.5841942753906224,1.3270747753906242,True,True,True
E201,2,0.0,1.5841942753906224,0.7920971376953112,True,True,True
E226,2,0.0,1.5841942753906224,0.7920971376953112,True,True,True
E465,2,0.7397852753906236,1.5841942753906224,1.161989775390623,True,True,True
E466,2,1.069955275390626,1.5841942753906224,1.3270747753906242,True,True,True
E470,2,0.0,1.5841942753906224,0.7920971376953112,True,True,True
E495,2,0.0,1.5841942753906224,0.7920971376953112,True,True,True
E107,2,0.5010572753906217,1.5690172753906282,1.035037275390625,True,True,True
E113,2,0.6227162753906228,1.5690172753906282,1.0958667753906255,True,True,True
E376,2,0.5010572753906217,1.5690172753906282,1.035037275390625,True,True,True
E382,2,0.6227162753906228,1.5690172753906282,1.0958667753906255,True,True,True
E104,2,0.5010372753906225,1.5690162753906236,1.035026775390623,True,True,True
E111,2,0.6227122753906258,1.5690162753906236,1.0958642753906247,True,True,True
E373,2,0.5010372753906225,1.5690162753906236,1.035026775390623,True,True,True
E380,2,0.6227122753906258,1.5690162753906236,1.0958642753906247,True,True,True
E671,2,0.9395012753906258,1.5451072753906274,1.2423042753906266,True,True,True
E675,2,1.0139712753906238,1.5451072753906274,1.2795392753906256,True,True,True
E940,2,0.9395012753906258,1.5451072753906274,1.2423042753906266,True,True,True
E944,2,1.0139712753906238,1.5451072753906274,1.2795392753906256,True,True,True
E685,2,1.0139712753906238,1.5451062753906228,1.2795387753906233,True,True,True
E686,2,0.9395232753906271,1.5451062753906228,1.242314775390625,True,True,True
E954,2,1.0139712753906238,1.5451062753906228,1.2795387753906233,True,True,True
E955,2,0.9395232753906271,1.5451062753906228,1.242314775390625,True,True,True
E231,2,0.0,1.543300275390628,0.771650137695314,True,True,True
E237,2,0.0,1.543300275390628,0.771650137695314,True,True,True
E239,2,0.0,1.543300275390628,0.771650137695314,True,True,True
E240,2,0.0,1.543300275390628,0.771650137695314,True,True,True
E242,2,0.0,1.543300275390628,0.771650137695314,True,True,True
E243,2,0.0,1.543300275390628,0.771650137695314,True,True,True
E244,2,0.0,1.543300275390628,0.771650137695314,True,True,True
E245,2,0.0,1.543300275390628,0.771650137695314,True,True,True
E257,2,1.0699442753906254,1.543300275390628,1.3066222753906267,True,True,True
E258,2,1.069955275390626,1.543300275390628,1.306627775390627,True,True,True
E500,2,0.0,1.543300275390628,0.771650137695314,True,True,True
E506,2,0.0,1.543300275390628,0.771650137695314,True,True,True
E508,2,0.0,1.543300275390628,0.771650137695314,True,True,True
E509,2,0.0,1.543300275390628,0.771650137695314,True,True,True
E511,2,0.0,1.543300275390628,0.771650137695314,True,True,True
E512,2,0.0,1.543300275390628,0.771650137695314,True,True,True
E513,2,0.0,1.543300275390628,0.771650137695314,True,True,True
E514,2,0.0,1.543300275390628,0.771650137695314,True,True,True
E526,2,1.0699442753906254,1.543300275390628,1.3066222753906267,True,True,True
E527,2,1.069955275390626,1.543300275390628,1.306627775390627,True,True,True
E218,2,0.7397872753906256,1.5216362753906267,1.1307117753906262,True,True,True
E223,2,0.7397852753906236,1.5216362753906267,1.1307107753906251,True,True,True
E232,2,0.0,1.5216362753906267,0.7608181376953134,True,True,True
E234,2,0.0,1.5216362753906267,0.7608181376953134,True,True,True
E235,2,0.0,1.5216362753906267,0.7608181376953134,True,True,True
E236,2,0.0,1.5216362753906267,0.7608181376953134,True,True,True
E487,2,0.7397872753906256,1.5216362753906267,1.1307117753906262,True,True,True
E492,2,0.7397852753906236,1.5216362753906267,1.1307107753906251,True,True,True
E501,2,0.0,1.5216362753906267,0.7608181376953134,True,True,True
E503,2,0.0,1.5216362753906267,0.7608181376953134,True,True,True
E504,2,0.0,1.5216362753906267,0.7608181376953134,True,True,True
E505,2,0.0,1.5216362753906267,0.7608181376953134,True,True,True
E602,2,0.7666332753906246,1.487703275390622,1.1271682753906234,True,True,True
E639,2,1.0139712753906238,1.487703275390622,1.250837275390623,True,True,True
E659,2,0.9424612753906274,1.487703275390622,1.2150822753906247,True,True,True
E670,2,0.9424612753906274,1.487703275390622,1.2150822753906247,True,True,True
E871,2,0.7666332753906246,1.487703275390622,1.1271682753906234,True,True,True
E908,2,1.0139712753906238,1.487703275390622,1.250837275390623,True,True,True
E928,2,0.9424612753906274,1.487703275390622,1.2150822753906247,True,True,True
E939,2,0.9424612753906274,1.487703275390622,1.2150822753906247,True,True,True
E199,2,0.686488275390623,1.4773802753906224,1.0819342753906227,True,True,True
E200,2,1.069955275390626,1.4773802753906224,1.2736677753906243,True,True,True
E202,2,0.0,1.4773802753906224,0.7386901376953112,True,True,True
E229,2,0.0,1.4773802753906224,0.7386901376953112,True,True,True
E468,2,0.686488275390623,1.4773802753906224,1.0819342753906227,True,True,True
E469,2,1.069955275390626,1.4773802753906224,1.2736677753906243,True,True,True
E471,2,0.0,1.4773802753906224,0.7386901376953112,True,True,True
E498,2,0.0,1.4773802753906224,0.7386901376953112,True,True,True
E211,2,0.6865442753906237,1.477379275390625,1.0819617753906243,True,True,True
E212,2,1.0699442753906254,1.477379275390625,1.2736617753906252,True,True,True
E214,2,0.0,1.477379275390625,0.7386896376953125,True,True,True
E217,2,0.0,1.477379275390625,0.7386896376953125,True,True,True
E480,2,0.6865442753906237,1.477379275390625,1.0819617753906243,True,True,True
E481,2,1.0699442753906254,1.477379275390625,1.2736617753906252,True,True,True
E483,2,0.0,1.477379275390625,0.7386896376953125,True,True,True
E486,2,0.0,1.477379275390625,0.7386896376953125,True,True,True
E37,2,0.47677627539062684,1.4189982753906278,0.9478872753906273,True,True,True
E62,2,0.7704852753906266,1.4189982753906278,1.0947417753906272,True,True,True
E76,2,0.6239372753906238,1.4189982753906278,1.0214677753906258,True,True,True
E83,2,0.6239362753906263,1.4189982753906278,1.021467275390627,True,True,True
E306,2,0.47677627539062684,1.4189982753906278,0.9478872753906273,True,True,True
E331,2,0.7704852753906266,1.4189982753906278,1.0947417753906272,True,True,True
E345,2,0.6239372753906238,1.4189982753906278,1.0214677753906258,True,True,True
E352,2,0.6239362753906263,1.4189982753906278,1.021467275390627,True,True,True
E89,2,0.5010572753906217,1.380965275390622,0.9410112753906219,True,True,True
E151,2,0.7937062753906261,1.380965275390622,1.087335775390624,True,True,True
E156,2,0.6720502753906246,1.380965275390622,1.0265077753906233,True,True,True
E179,2,0.6274602753906251,1.380965275390622,1.0042127753906236,True,True,True
E215,2,0.6865442753906237,1.380965275390622,1.0337547753906229,True,True,True
E248,2,0.0,1.380965275390622,0.690482637695311,True,True,True
E358,2,0.5010572753906217,1.380965275390622,0.9410112753906219,True,True,True
E420,2,0.7937062753906261,1.380965275390622,1.087335775390624,True,True,True
E425,2,0.6720502753906246,1.380965275390622,1.0265077753906233,True,True,True
E448,2,0.6274602753906251,1.380965275390622,1.0042127753906236,True,True,True
E484,2,0.6865442753906237,1.380965275390622,1.0337547753906229,True,True,True
E517,2,0.0,1.380965275390622,0.690482637695311,True,True,True
E88,2,0.5010372753906225,1.3808722753906224,0.9409547753906224,True,True,True
E142,2,0.7937172753906268,1.3808722753906224,1.0872947753906246,True,True,True
E145,2,0.6720002753906229,1.3808722753906224,1.0264362753906227,True,True,True
E187,2,0.6274682753906262,1.3808722753906224,1.0041702753906243,True,True,True
E227,2,0.686488275390623,1.3808722753906224,1.0336802753906227,True,True,True
E246,2,0.0,1.3808722753906224,0.6904361376953112,True,True,True
E357,2,0.5010372753906225,1.3808722753906224,0.9409547753906224,True,True,True
E411,2,0.7937172753906268,1.3808722753906224,1.0872947753906246,True,True,True
E414,2,0.6720002753906229,1.3808722753906224,1.0264362753906227,True,True,True
E456,2,0.6274682753906262,1.3808722753906224,1.0041702753906243,True,True,True
E496,2,0.686488275390623,1.3808722753906224,1.0336802753906227,True,True,True
E515,2,0.0,1.3808722753906224,0.6904361376953112,True,True,True
E166,2,0.6274682753906262,1.3527662753906284,0.9901172753906273,True,True,True
E167,2,0.899221275390623,1.3527662753906284,1.1259937753906257,True,True,True
E169,2,0.0,1.3527662753906284,0.6763831376953142,True,True,True
E189,2,0.0,1.3527662753906284,0.6763831376953142,True,True,True
E435,2,0.6274682753906262,1.3527662753906284,0.9901172753906273,True,True,True
E436,2,0.899221275390623,1.3527662753906284,1.1259937753906257,True,True,True
E438,2,0.0,1.3527662753906284,0.6763831376953142,True,True,True
E458,2,0.0,1.3527662753906284,0.6763831376953142,True,True,True
E175,2,0.6274602753906251,1.3527512753906237,0.9901057753906244,True,True,True
E176,2,0.8992052753906279,1.3527512753906237,1.1259782753906258,True,True,True
E178,2,0.0,1.3527512753906237,0.6763756376953118,True,True,True
E181,2,0.0,1.3527512753906237,0.6763756376953118,True,True,True
E444,2,0.6274602753906251,1.3527512753906237,0.9901057753906244,True,True,True
E445,2,0.8992052753906279,1.3527512753906237,1.1259782753906258,True,True,True
E447,2,0.0,1.3527512753906237,0.6763756376953118,True,True,True
E450,2,0.0,1.3527512753906237,0.6763756376953118,True,True,True
E599,2,0.6319472753906226,1.2526292753906247,0.9422882753906237,True,True,True
E634,2,0.9395232753906271,1.2526292753906247,1.096076275390626,True,True,True
E664,2,0.9424612753906274,1.2526292753906247,1.097545275390626,True,True,True
E665,2,0.8476782753906278,1.2526292753906247,1.0501537753906263,True,True,True
E868,2,0.6319472753906226,1.2526292753906247,0.9422882753906237,True,True,True
E903,2,0.9395232753906271,1.2526292753906247,1.096076275390626,True,True,True
E933,2,0.9424612753906274,1.2526292753906247,1.097545275390626,True,True,True
E934,2,0.8476782753906278,1.2526292753906247,1.0501537753906263,True,True,True
E554,2,0.7460872753906216,1.2499442753906251,0.9980157753906234,True,True,True
E555,2,0.9395232753906271,1.2499442753906251,1.094733775390626,True,True,True
E823,2,0.7460872753906216,1.2499442753906251,0.9980157753906234,True,True,True
E824,2,0.9395232753906271,1.2499442753906251,1.094733775390626,True,True,True
E552,2,0.9395012753906258,1.2499332753906245,1.0947172753906251,True,True,True
E553,2,0.746037275390627,1.2499332753906245,0.9979852753906258,True,True,True
E821,2,0.9395012753906258,1.2499332753906245,1.0947172753906251,True,True,True
E822,2,0.746037275390627,1.2499332753906245,0.9979852753906258,True,True,True
E605,2,0.6319482753906271,1.2031612753906273,0.9175547753906272,True,True,True
E608,2,0.6319472753906226,1.2031612753906273,0.917554275390625,True,True,True
E612,2,0.7666332753906246,1.2031612753906273,0.984897275390626,True,True,True
E618,2,0.7666332753906246,1.2031612753906273,0.984897275390626,True,True,True
E874,2,0.6319482753906271,1.2031612753906273,0.9175547753906272,True,True,True
E877,2,0.6319472753906226,1.2031612753906273,0.917554275390625,True,True,True
E881,2,0.7666332753906246,1.2031612753906273,0.984897275390626,True,True,True
E887,2,0.7666332753906246,1.2031612753906273,0.984897275390626,True,True,True
E164,2,0.899221275390623,1.199835275390626,1.0495282753906245,True,True,True
E168,2,0.0,1.199835275390626,0.599917637695313,True,True,True
E186,2,0.0,1.199835275390626,0.599917637695313,True,True,True
E268,2,0.5427512753906285,1.199835275390626,0.8712932753906273,True,True,True
E433,2,0.899221275390623,1.199835275390626,1.0495282753906245,True,True,True
E437,2,0.0,1.199835275390626,0.599917637695313,True,True,True
E455,2,0.0,1.199835275390626,0.599917637695313,True,True,True
E537,2,0.5427512753906285,1.199835275390626,0.8712932753906273,True,True,True
E173,2,0.8992052753906279,1.199831275390622,1.049518275390625,True,True,True
E177,2,0.0,1.199831275390622,0.599915637695311,True,True,True
E183,2,0.0,1.199831275390622,0.599915637695311,True,True,True
E265,2,0.5427512753906285,1.199831275390622,0.8712912753906252,True,True,True
E442,2,0.8992052753906279,1.199831275390622,1.049518275390625,True,True,True
E446,2,0.0,1.199831275390622,0.599915637695311,True,True,True
E452,2,0.0,1.199831275390622,0.599915637695311,True,True,True
E534,2,0.5427512753906285,1.199831275390622,0.8712912753906252,True,True,True
E598,2,0.6319482753906271,1.1884082753906284,0.9101782753906278,True,True,True
E633,2,0.9395012753906258,1.1884082753906284,1.063954775390627,True,True,True
E656,2,0.9424612753906274,1.1884082753906284,1.065434775390628,True,True,True
E662,2,0.8476782753906278,1.1884082753906284,1.018043275390628,True,True,True
E867,2,0.6319482753906271,1.1884082753906284,0.9101782753906278,True,True,True
E902,2,0.9395012753906258,1.1884082753906284,1.063954775390627,True,True,True
E925,2,0.9424612753906274,1.1884082753906284,1.065434775390628,True,True,True
E931,2,0.8476782753906278,1.1884082753906284,1.018043275390628,True,True,True
E33,2,0.4478722753906226,1.169687275390622,0.8087797753906223,True,True,True
E56,2,0.6227122753906258,1.169687275390622,0.8961997753906239,True,True,True
E68,2,0.6239372753906238,1.169687275390622,0.8968122753906229,True,True,True
E69,2,0.570070275390627,1.169687275390622,0.8698787753906245,True,True,True
E260,2,0.899221275390623,1.169687275390622,1.0344542753906225,True,True,True
E302,2,0.4478722753906226,1.169687275390622,0.8087797753906223,True,True,True
E325,2,0.6227122753906258,1.169687275390622,0.8961997753906239,True,True,True
E337,2,0.6239372753906238,1.169687275390622,0.8968122753906229,True,True,True
E338,2,0.570070275390627,1.169687275390622,0.8698787753906245,True,True,True
E529,2,0.899221275390623,1.169687275390622,1.0344542753906225,True,True,True
E34,2,0.4478722753906226,1.169685275390627,0.8087787753906248,True,True,True
E57,2,0.6227162753906228,1.169685275390627,0.8962007753906249,True,True,True
E71,2,0.6239362753906263,1.169685275390627,0.8968107753906267,True,True,True
E72,2,0.5700692753906225,1.169685275390627,0.8698772753906248,True,True,True
E259,2,0.8992052753906279,1.169685275390627,1.0344452753906275,True,True,True
E303,2,0.4478722753906226,1.169685275390627,0.8087787753906248,True,True,True
E326,2,0.6227162753906228,1.169685275390627,0.8962007753906249,True,True,True
E340,2,0.6239362753906263,1.169685275390627,0.8968107753906267,True,True,True
E341,2,0.5700692753906225,1.169685275390627,0.8698772753906248,True,True,True
E528,2,0.8992052753906279,1.169685275390627,1.0344452753906275,True,True,True
E42,2,0.4478722753906226,1.125794275390625,0.7868332753906238,True,True,True
E44,2,0.47677627539062684,1.125794275390625,0.8012852753906259,True,True,True
E48,2,0.47677627539062684,1.125794275390625,0.8012852753906259,True,True,True
E51,2,0.4478722753906226,1.125794275390625,0.7868332753906238,True,True,True
E311,2,0.4478722753906226,1.125794275390625,0.7868332753906238,True,True,True
E313,2,0.47677627539062684,1.125794275390625,0.8012852753906259,True,True,True
E317,2,0.47677627539062684,1.125794275390625,0.8012852753906259,True,True,True
E320,2,0.4478722753906226,1.125794275390625,0.7868332753906238,True,True,True
E191,2,0.0,1.069955275390626,0.534977637695313,True,True,True
E192,2,0.0,1.069955275390626,0.534977637695313,True,True,True
E230,2,0.0,1.069955275390626,0.534977637695313,True,True,True
E460,2,0.0,1.069955275390626,0.534977637695313,True,True,True
E461,2,0.0,1.069955275390626,0.534977637695313,True,True,True
E499,2,0.0,1.069955275390626,0.534977637695313,True,True,True
E203,2,0.0,1.0699442753906254,0.5349721376953127,True,True,True
E204,2,0.0,1.0699442753906254,0.5349721376953127,True,True,True
E222,2,0.0,1.0699442753906254,0.5349721376953127,True,True,True
E472,2,0.0,1.0699442753906254,0.5349721376953127,True,True,True
E473,2,0.0,1.0699442753906254,0.5349721376953127,True,True,True
E491,2,0.0,1.0699442753906254,0.5349721376953127,True,True,True
E636,2,0.4162872753906228,1.0139712753906238,0.7151292753906233,True,True,True
E677,2,0.4892232753906285,1.0139712753906238,0.7515972753906262,True,True,True
E695,2,0.4892192753906244,1.0139712753906238,0.7515952753906241,True,True,True
E787,2,0.0,1.0139712753906238,0.5069856376953119,True,True,True
E905,2,0.4162872753906228,1.0139712753906238,0.7151292753906233,True,True,True
E946,2,0.4892232753906285,1.0139712753906238,0.7515972753906262,True,True,True
E964,2,0.4892192753906244,1.0139712753906238,0.7515952753906241,True,True,True
E1056,2,0.0,1.0139712753906238,0.5069856376953119,True,True,True
E562,2,0.4790472753906272,0.9654202753906276,0.7222337753906274,True,True,False
E574,2,0.7666332753906246,0.9654202753906276,0.8660267753906261,True,True,False
E581,2,0.6082362753906239,0.9654202753906276,0.7868282753906257,True,True,False
E585,2,0.6082362753906239,0.9654202753906276,0.7868282753906257,True,True,False
E831,2,0.4790472753906272,0.9654202753906276,0.7222337753906274,True,True,False
E843,2,0.7666332753906246,0.9654202753906276,0.8660267753906261,True,True,False
E850,2,0.6082362753906239,0.9654202753906276,0.7868282753906257,True,True,False
E854,2,0.6082362753906239,0.9654202753906276,0.7868282753906257,True,True,False
E648,2,0.33645627539062417,0.9424612753906274,0.6394587753906258,True,True,False
E653,2,0.3364582753906262,0.9424612753906274,0.6394597753906268,True,True,False
E657,2,0.4162872753906228,0.9424612753906274,0.6793742753906251,True,True,False
E666,2,0.4162872753906228,0.9424612753906274,0.6793742753906251,True,True,False
E917,2,0.33645627539062417,0.9424612753906274,0.6394587753906258,True,True,False
E922,2,0.3364582753906262,0.9424612753906274,0.6394597753906268,True,True,False
E926,2,0.4162872753906228,0.9424612753906274,0.6793742753906251,True,True,False
E935,2,0.4162872753906228,0.9424612753906274,0.6793742753906251,True,True,False
E632,2,0.3364582753906262,0.9395232753906271,0.6379907753906267,True,True,False
E688,2,0.42883227539062574,0.9395232753906271,0.6841777753906264,True,True,False
E690,2,0.4892192753906244,0.9395232753906271,0.7143712753906257,True,True,False
E901,2,0.3364582753906262,0.9395232753906271,0.6379907753906267,True,True,False
E957,2,0.42883227539062574,0.9395232753906271,0.6841777753906264,True,True,False
E959,2,0.4892192753906244,0.9395232753906271,0.7143712753906257,True,True,False
E630,2,0.33645627539062417,0.9395012753906258,0.637978775390625,True,True,False
E672,2,0.4892232753906285,0.9395012753906258,0.7143622753906271,True,True,False
E679,2,0.4288382753906248,0.9395012753906258,0.6841697753906253,True,True,False
E899,2,0.33645627539062417,0.9395012753906258,0.637978775390625,True,True,False
E941,2,0.4892232753906285,0.9395012753906258,0.7143622753906271,True,True,False
E948,2,0.4288382753906248,0.9395012753906258,0.6841697753906253,True,True,False
E135,2,0.0,0.9054942753906232,0.4527471376953116,True,True,False
E138,2,0.0,0.9054942753906232,0.4527471376953116,True,True,False
E404,2,0.0,0.9054942753906232,0.4527471376953116,True,True,False
E407,2,0.0,0.9054942753906232,0.4527471376953116,True,True,False
E155,2,0.0,0.9054852753906246,0.4527426376953123,True,True,False
E159,2,0.0,0.9054852753906246,0.4527426376953123,True,True,False
E424,2,0.0,0.9054852753906246,0.4527426376953123,True,True,False
E428,2,0.0,0.9054852753906246,0.4527426376953123,True,True,False
E161,2,0.0,0.899221275390623,0.4496106376953115,True,True,False
E162,2,0.0,0.899221275390623,0.4496106376953115,True,True,False
E190,2,0.0,0.899221275390623,0.4496106376953115,True,True,False
E430,2,0.0,0.899221275390623,0.4496106376953115,True,True,False
E431,2,0.0,0.899221275390623,0.4496106376953115,True,True,False
E459,2,0.0,0.899221275390623,0.4496106376953115,True,True,False
E170,2,0.0,0.8992052753906279,0.44960263769531394,True,True,False
E171,2,0.0,0.8992052753906279,0.44960263769531394,True,True,False
E184,2,0.0,0.8992052753906279,0.44960263769531394,True,True,False
E439,2,0.0,0.8992052753906279,0.44960263769531394,True,True,False
E440,2,0.0,0.8992052753906279,0.44960263769531394,True,True,False
E453,2,0.0,0.8992052753906279,0.44960263769531394,True,True,False
E18,2,0.27859627539062615,0.8866572753906254,0.5826267753906258,True,True,False
E25,2,0.47677627539062684,0.8866572753906254,0.6817167753906261,True,True,False
E27,2,0.4043522753906217,0.8866572753906254,0.6455047753906236,True,True,False
E30,2,0.4043522753906217,0.8866572753906254,0.6455047753906236,True,True,False
E261,2,0.5427512753906285,0.8866572753906254,0.714704275390627,True,True,False
E262,2,0.5427512753906285,0.8866572753906254,0.714704275390627,True,True,False
E287,2,0.27859627539062615,0.8866572753906254,0.5826267753906258,True,True,False
E294,2,0.47677627539062684,0.8866572753906254,0.6817167753906261,True,True,False
E296,2,0.4043522753906217,0.8866572753906254,0.6455047753906236,True,True,False
E299,2,0.4043522753906217,0.8866572753906254,0.6455047753906236,True,True,False
E530,2,0.5427512753906285,0.8866572753906254,0.714704275390627,True,True,False
E531,2,0.5427512753906285,0.8866572753906254,0.714704275390627,True,True,False
E746,2,0.3997032753906282,0.8558792753906275,0.6277912753906278,True,True,False
E747,2,0.5780642753906235,0.8558792753906275,0.7169717753906255,True,True,False
E751,2,0.0,0.8558792753906275,0.42793963769531373,True,True,False
E759,2,0.0,0.8558792753906275,0.42793963769531373,True,True,False
E1015,2,0.3997032753906282,0.8558792753906275,0.6277912753906278,True,True,False
E1016,2,0.5780642753906235,0.8558792753906275,0.7169717753906255,True,True,False
E1020,2,0.0,0.8558792753906275,0.42793963769531373,True,True,False
E1028,2,0.0,0.8558792753906275,0.42793963769531373,True,True,False
E734,2,0.39970227539062364,0.8558772753906254,0.6277897753906245,True,True,False
E735,2,0.5780702753906226,0.8558772753906254,0.716973775390624,True,True,False
E739,2,0.0,0.8558772753906254,0.4279386376953127,True,True,False
E764,2,0.0,0.8558772753906254,0.4279386376953127,True,True,False
E1003,2,0.39970227539062364,0.8558772753906254,0.6277897753906245,True,True,False
E1004,2,0.5780702753906226,0.8558772753906254,0.716973775390624,True,True,False
E1008,2,0.0,0.8558772753906254,0.4279386376953127,True,True,False
E1033,2,0.0,0.8558772753906254,0.4279386376953127,True,True,False
E642,2,0.27072427539062716,0.8476782753906278,0.5592012753906275,True,True,False
E645,2,0.2707342753906232,0.8476782753906278,0.5592062753906255,True,True,False
E649,2,0.33645627539062417,0.8476782753906278,0.592067275390626,True,True,False
E651,2,0.3364582753906262,0.8476782753906278,0.592068275390627,True,True,False
E911,2,0.27072427539062716,0.8476782753906278,0.5592012753906275,True,True,False
E914,2,0.2707342753906232,0.8476782753906278,0.5592062753906255,True,True,False
E918,2,0.33645627539062417,0.8476782753906278,0.592067275390626,True,True,False
E920,2,0.3364582753906262,0.8476782753906278,0.592068275390627,True,True,False
E769,2,0.0,0.8337852753906247,0.4168926376953124,True,True,False
E775,2,0.0,0.8337852753906247,0.4168926376953124,True,True,False
E777,2,0.0,0.8337852753906247,0.4168926376953124,True,True,False
E778,2,0.0,0.8337852753906247,0.4168926376953124,True,True,False
E780,2,0.0,0.8337852753906247,0.4168926376953124,True,True,False
E781,2,0.0,0.8337852753906247,0.4168926376953124,True,True,False
E782,2,0.0,0.8337852753906247,0.4168926376953124,True,True,False
E783,2,0.0,0.8337852753906247,0.4168926376953124,True,True,False
E795,2,0.5780642753906235,0.8337852753906247,0.7059247753906241,True,True,False
E796,2,0.5780702753906226,0.8337852753906247,0.7059277753906237,True,True,False
E1038,2,0.0,0.8337852753906247,0.4168926376953124,True,True,False
E1044,2,0.0,0.8337852753906247,0.4168926376953124,True,True,False
E1046,2,0.0,0.8337852753906247,0.4168926376953124,True,True,False
E1047,2,0.0,0.8337852753906247,0.4168926376953124,True,True,False
E1049,2,0.0,0.8337852753906247,0.4168926376953124,True,True,False
E1050,2,0.0,0.8337852753906247,0.4168926376953124,True,True,False
E1051,2,0.0,0.8337852753906247,0.4168926376953124,True,True,False
E1052,2,0.0,0.8337852753906247,0.4168926376953124,True,True,False
E1064,2,0.5780642753906235,0.8337852753906247,0.7059247753906241,True,True,False
E1065,2,0.5780702753906226,0.8337852753906247,0.7059277753906237,True,True,False
E756,2,0.3997032753906282,0.8220822753906276,0.6108927753906279,True,True,False
E761,2,0.39970227539062364,0.8220822753906276,0.6108922753906256,True,True,False
E770,2,0.0,0.8220822753906276,0.4110411376953138,True,True,False
E772,2,0.0,0.8220822753906276,0.4110411376953138,True,True,False
E773,2,0.0,0.8220822753906276,0.4110411376953138,True,True,False
E774,2,0.0,0.8220822753906276,0.4110411376953138,True,True,False
E1025,2,0.3997032753906282,0.8220822753906276,0.6108927753906279,True,True,False
E1030,2,0.39970227539062364,0.8220822753906276,0.6108922753906256,True,True,False
E1039,2,0.0,0.8220822753906276,0.4110411376953138,True,True,False
E1041,2,0.0,0.8220822753906276,0.4110411376953138,True,True,False
E1042,2,0.0,0.8220822753906276,0.4110411376953138,True,True,False
E1043,2,0.0,0.8220822753906276,0.4110411376953138,True,True,False
E737,2,0.37091027539062793,0.7981732753906243,0.5845417753906261,True,True,False
E738,2,0.5780702753906226,0.7981732753906243,0.6881217753906235,True,True,False
E740,2,0.0,0.7981732753906243,0.39908663769531216,True,True,False
E749,2,0.37094027539062324,0.7981732753906243,0.5845567753906238,True,True,False
E750,2,0.5780642753906235,0.7981732753906243,0.6881187753906239,True,True,False
E752,2,0.0,0.7981732753906243,0.39908663769531216,True,True,False
E755,2,0.0,0.7981732753906243,0.39908663769531216,True,True,False
E767,2,0.0,0.7981732753906243,0.39908663769531216,True,True,False
E1006,2,0.37091027539062793,0.7981732753906243,0.5845417753906261,True,True,False
E1007,2,0.5780702753906226,0.7981732753906243,0.6881217753906235,True,True,False
E1009,2,0.0,0.7981732753906243,0.39908663769531216,True,True,False
E1018,2,0.37094027539062324,0.7981732753906243,0.5845567753906238,True,True,False
E1019,2,0.5780642753906235,0.7981732753906243,0.6881187753906239,True,True,False
E1021,2,0.0,0.7981732753906243,0.39908663769531216,True,True,False
E1024,2,0.0,0.7981732753906243,0.39908663769531216,True,True,False
E1036,2,0.0,0.7981732753906243,0.39908663769531216,True,True,False
E140,2,0.0,0.7937172753906268,0.3968586376953134,True,True,False
E143,2,0.0,0.7937172753906268,0.3968586376953134,True,True,False
E409,2,0.0,0.7937172753906268,0.3968586376953134,True,True,False
E412,2,0.0,0.7937172753906268,0.3968586376953134,True,True,False
E149,2,0.0,0.7937062753906261,0.39685313769531305,True,True,False
E154,2,0.0,0.7937062753906261,0.39685313769531305,True,True,False
E418,2,0.0,0.7937062753906261,0.39685313769531305,True,True,False
E423,2,0.0,0.7937062753906261,0.39685313769531305,True,True,False
E63,2,0.0,0.7704852753906266,0.3852426376953133,True,True,False
E97,2,0.0,0.7704852753906266,0.3852426376953133,True,True,False
E120,2,0.0,0.7704852753906266,0.3852426376953133,True,True,False
E129,2,0.0,0.7704852753906266,0.3852426376953133,True,True,False
E332,2,0.0,0.7704852753906266,0.3852426376953133,True,True,False
E366,2,0.0,0.7704852753906266,0.3852426376953133,True,True,False
E389,2,0.0,0.7704852753906266,0.3852426376953133,True,True,False
E398,2,0.0,0.7704852753906266,0.3852426376953133,True,True,False
E575,2,0.25761727539062207,0.7666332753906246,0.5121252753906234,True,True,False
E600,2,0.4162872753906228,0.7666332753906246,0.5914602753906237,True,True,False
E614,2,0.33711827539062256,0.7666332753906246,0.5518757753906236,True,True,False
E621,2,0.3371172753906251,0.7666332753906246,0.5518752753906249,True,True,False
E844,2,0.25761727539062207,0.7666332753906246,0.5121252753906234,True,True,False
E869,2,0.4162872753906228,0.7666332753906246,0.5914602753906237,True,True,False
E883,2,0.33711827539062256,0.7666332753906246,0.5518757753906236,True,True,False
E890,2,0.3371172753906251,0.7666332753906246,0.5518752753906249,True,True,False
E627,2,0.2707342753906232,0.7460872753906216,0.5084107753906224,True,True,False
E689,2,0.42883227539062574,0.7460872753906216,0.5874597753906237,True,True,False
E694,2,0.3631102753906248,0.7460872753906216,0.5545987753906232,True,True,False
E717,2,0.3390212753906283,0.7460872753906216,0.542554275390625,True,True,False
E753,2,0.37094027539062324,0.7460872753906216,0.5585137753906224,True,True,False
E786,2,0.0,0.7460872753906216,0.3730436376953108,True,True,False
E896,2,0.2707342753906232,0.7460872753906216,0.5084107753906224,True,True,False
E958,2,0.42883227539062574,0.7460872753906216,0.5874597753906237,True,True,False
E963,2,0.3631102753906248,0.7460872753906216,0.5545987753906232,True,True,False
E986,2,0.3390212753906283,0.7460872753906216,0.542554275390625,True,True,False
E1022,2,0.37094027539062324,0.7460872753906216,0.5585137753906224,True,True,False
E1055,2,0.0,0.7460872753906216,0.3730436376953108,True,True,False
E626,2,0.27072427539062716,0.746037275390627,0.5083807753906271,True,True,False
E680,2,0.4288382753906248,0.746037275390627,0.5874377753906259,True,True,False
E683,2,0.3630832753906219,0.746037275390627,0.5545602753906245,True,True,False
E725,2,0.3390252753906253,0.746037275390627,0.5425312753906262,True,True,False
E765,2,0.37091027539062793,0.746037275390627,0.5584737753906275,True,True,False
E784,2,0.0,0.746037275390627,0.3730186376953135,True,True,False
E895,2,0.27072427539062716,0.746037275390627,0.5083807753906271,True,True,False
E949,2,0.4288382753906248,0.746037275390627,0.5874377753906259,True,True,False
E952,2,0.3630832753906219,0.746037275390627,0.5545602753906245,True,True,False
E994,2,0.3390252753906253,0.746037275390627,0.5425312753906262,True,True,False
E1034,2,0.37091027539062793,0.746037275390627,0.5584737753906275,True,True,False
E1053,2,0.0,0.746037275390627,0.3730186376953135,True,True,False
E205,2,0.0,0.7397872753906256,0.3698936376953128,True,True,False
E207,2,0.0,0.7397872753906256,0.3698936376953128,True,True,False
E219,2,0.0,0.7397872753906256,0.3698936376953128,True,True,False
E474,2,0.0,0.7397872753906256,0.3698936376953128,True,True,False
E476,2,0.0,0.7397872753906256,0.3698936376953128,True,True,False
E488,2,0.0,0.7397872753906256,0.3698936376953128,True,True,False
E193,2,0.0,0.7397852753906236,0.3698926376953118,True,True,False
E195,2,0.0,0.7397852753906236,0.3698926376953118,True,True,False
E224,2,0.0,0.7397852753906236,0.3698926376953118,True,True,False
E462,2,0.0,0.7397852753906236,0.3698926376953118,True,True,False
E464,2,0.0,0.7397852753906236,0.3698926376953118,True,True,False
E493,2,0.0,0.7397852753906236,0.3698926376953118,True,True,False
E704,2,0.3390252753906253,0.7308532753906221,0.5349392753906237,True,True,False
E705,2,0.48583427539062285,0.7308532753906221,0.6083437753906225,True,True,False
E707,2,0.0,0.7308532753906221,0.36542663769531103,True,True,False
E727,2,0.0,0.7308532753906221,0.36542663769531103,True,True,False
E973,2,0.3390252753906253,0.7308532753906221,0.5349392753906237,True,True,False
E974,2,0.48583427539062285,0.7308532753906221,0.6083437753906225,True,True,False
E976,2,0.0,0.7308532753906221,0.36542663769531103,True,True,False
E996,2,0.0,0.7308532753906221,0.36542663769531103,True,True,False
E713,2,0.3390212753906283,0.730845275390628,0.5349332753906282,True,True,False
E714,2,0.48582627539062173,0.730845275390628,0.6083357753906249,True,True,False
E716,2,0.0,0.730845275390628,0.365422637695314,True,True,False
E719,2,0.0,0.730845275390628,0.365422637695314,True,True,False
E982,2,0.3390212753906283,0.730845275390628,0.5349332753906282,True,True,False
E983,2,0.48582627539062173,0.730845275390628,0.6083357753906249,True,True,False
E985,2,0.0,0.730845275390628,0.365422637695314,True,True,False
E988,2,0.0,0.730845275390628,0.365422637695314,True,True,False
E206,2,0.0,0.6865442753906237,0.34327213769531184,True,True,False
E210,2,0.0,0.6865442753906237,0.34327213769531184,True,True,False
E216,2,0.0,0.6865442753906237,0.34327213769531184,True,True,False
E475,2,0.0,0.6865442753906237,0.34327213769531184,True,True,False
E479,2,0.0,0.6865442753906237,0.34327213769531184,True,True,False
E485,2,0.0,0.6865442753906237,0.34327213769531184,True,True,False
E194,2,0.0,0.686488275390623,0.3432441376953115,True,True,False
E198,2,0.0,0.686488275390623,0.3432441376953115,True,True,False
E228,2,0.0,0.686488275390623,0.3432441376953115,True,True,False
E463,2,0.0,0.686488275390623,0.3432441376953115,True,True,False
E467,2,0.0,0.686488275390623,0.3432441376953115,True,True,False
E497,2,0.0,0.686488275390623,0.3432441376953115,True,True,False
E153,2,0.0,0.6720502753906246,0.3360251376953123,True,True,False
E158,2,0.0,0.6720502753906246,0.3360251376953123,True,True,False
E422,2,0.0,0.6720502753906246,0.3360251376953123,True,True,False
E427,2,0.0,0.6720502753906246,0.3360251376953123,True,True,False
E144,2,0.0,0.6720002753906229,0.33600013769531145,True,True,False
E160,2,0.0,0.6720002753906229,0.33600013769531145,True,True,False
E413,2,0.0,0.6720002753906229,0.33600013769531145,True,True,False
E429,2,0.0,0.6720002753906229,0.33600013769531145,True,True,False
E702,2,0.48583427539062285,0.6482352753906255,0.5670347753906242,True,True,False
E706,2,0.0,0.6482352753906255,0.32411763769531277,True,True,False
E724,2,0.0,0.6482352753906255,0.32411763769531277,True,True,False
E806,2,0.2932592753906249,0.6482352753906255,0.4707472753906252,True,True,False
E971,2,0.48583427539062285,0.6482352753906255,0.5670347753906242,True,True,False
E975,2,0.0,0.6482352753906255,0.32411763769531277,True,True,False
E993,2,0.0,0.6482352753906255,0.32411763769531277,True,True,False
E1075,2,0.2932592753906249,0.6482352753906255,0.4707472753906252,True,True,False
E711,2,0.48582627539062173,0.6482332753906235,0.5670297753906226,True,True,False
E715,2,0.0,0.6482332753906235,0.32411663769531174,True,True,False
E721,2,0.0,0.6482332753906235,0.32411663769531174,True,True,False
E803,2,0.2932592753906249,0.6482332753906235,0.4707462753906242,True,True,False
E980,2,0.48582627539062173,0.6482332753906235,0.5670297753906226,True,True,False
E984,2,0.0,0.6482332753906235,0.32411663769531174,True,True,False
E990,2,0.0,0.6482332753906235,0.32411663769531174,True,True,False
E1072,2,0.2932592753906249,0.6482332753906235,0.4707462753906242,True,True,False
E571,2,0.24200227539062524,0.6319482753906271,0.4369752753906262,True,True,False
E594,2,0.33645627539062417,0.6319482753906271,0.48420227539062566,True,True,False
E606,2,0.33711827539062256,0.6319482753906271,0.48453327539062485,True,True,False
E607,2,0.3080172753906254,0.6319482753906271,0.4699827753906263,True,True,False
E798,2,0.48583427539062285,0.6319482753906271,0.558891275390625,True,True,False
E840,2,0.24200227539062524,0.6319482753906271,0.4369752753906262,True,True,False
E863,2,0.33645627539062417,0.6319482753906271,0.48420227539062566,True,True,False
E875,2,0.33711827539062256,0.6319482753906271,0.48453327539062485,True,True,False
E876,2,0.3080172753906254,0.6319482753906271,0.4699827753906263,True,True,False
E1067,2,0.48583427539062285,0.6319482753906271,0.558891275390625,True,True,False
E572,2,0.24200227539062524,0.6319472753906226,0.4369747753906239,True,True,False
E595,2,0.3364582753906262,0.6319472753906226,0.4842027753906244,True,True,False
E609,2,0.3371172753906251,0.6319472753906226,0.4845322753906238,True,True,False
E610,2,0.3080172753906254,0.6319472753906226,0.469982275390624,True,True,False
E797,2,0.48582627539062173,0.6319472753906226,0.5588867753906221,True,True,False
E841,2,0.24200227539062524,0.6319472753906226,0.4369747753906239,True,True,False
E864,2,0.3364582753906262,0.6319472753906226,0.4842027753906244,True,True,False
E878,2,0.3371172753906251,0.6319472753906226,0.4845322753906238,True,True,False
E879,2,0.3080172753906254,0.6319472753906226,0.469982275390624,True,True,False
E1066,2,0.48582627539062173,0.6319472753906226,0.5588867753906221,True,True,False
E163,2,0.0,0.6274682753906262,0.3137341376953131,True,True,False
E165,2,0.0,0.6274682753906262,0.3137341376953131,True,True,False
E188,2,0.0,0.6274682753906262,0.3137341376953131,True,True,False
E432,2,0.0,0.6274682753906262,0.3137341376953131,True,True,False
E434,2,0.0,0.6274682753906262,0.3137341376953131,True,True,False
E457,2,0.0,0.6274682753906262,0.3137341376953131,True,True,False
E172,2,0.0,0.6274602753906251,0.31373013769531255,True,True,False
E174,2,0.0,0.6274602753906251,0.31373013769531255,True,True,False
E180,2,0.0,0.6274602753906251,0.31373013769531255,True,True,False
E441,2,0.0,0.6274602753906251,0.31373013769531255,True,True,False
E443,2,0.0,0.6274602753906251,0.31373013769531255,True,True,False
E449,2,0.0,0.6274602753906251,0.31373013769531255,True,True,False
E73,2,0.0,0.6239372753906238,0.3119686376953119,True,True,False
E75,2,0.0,0.6239372753906238,0.3119686376953119,True,True,False
E342,2,0.0,0.6239372753906238,0.3119686376953119,True,True,False
E344,2,0.0,0.6239372753906238,0.3119686376953119,True,True,False
E82,2,0.0,0.6239362753906263,0.3119681376953132,True,True,False
E85,2,0.0,0.6239362753906263,0.3119681376953132,True,True,False
E351,2,0.0,0.6239362753906263,0.3119681376953132,True,True,False
E354,2,0.0,0.6239362753906263,0.3119681376953132,True,True,False
E59,2,0.0,0.6227162753906228,0.3113581376953114,True,True,False
E93,2,0.0,0.6227162753906228,0.3113581376953114,True,True,False
E114,2,0.0,0.6227162753906228,0.3113581376953114,True,True,False
E116,2,0.0,0.6227162753906228,0.3113581376953114,True,True,False
E328,2,0.0,0.6227162753906228,0.3113581376953114,True,True,False
E362,2,0.0,0.6227162753906228,0.3113581376953114,True,True,False
E383,2,0.0,0.6227162753906228,0.3113581376953114,True,True,False
E385,2,0.0,0.6227162753906228,0.3113581376953114,True,True,False
E58,2,0.0,0.6227122753906258,0.3113561376953129,True,True,False
E91,2,0.0,0.6227122753906258,0.3113561376953129,True,True,False
E109,2,0.0,0.6227122753906258,0.3113561376953129,True,True,False
E112,2,0.0,0.6227122753906258,0.3113561376953129,True,True,False
E327,2,0.0,0.6227122753906258,0.3113561376953129,True,True,False
E360,2,0.0,0.6227122753906258,0.3113561376953129,True,True,False
E378,2,0.0,0.6227122753906258,0.3113561376953129,True,True,False
E381,2,0.0,0.6227122753906258,0.3113561376953129,True,True,False
E580,2,0.24200227539062524,0.6082362753906239,0.42511927539062455,True,True,False
E582,2,0.25761727539062207,0.6082362753906239,0.43292677539062296,True,True,False
E586,2,0.25761727539062207,0.6082362753906239,0.43292677539062296,True,True,False
E589,2,0.24200227539062524,0.6082362753906239,0.42511927539062455,True,True,False
E849,2,0.24200227539062524,0.6082362753906239,0.42511927539062455,True,True,False
E851,2,0.25761727539062207,0.6082362753906239,0.43292677539062296,True,True,False
E855,2,0.25761727539062207,0.6082362753906239,0.43292677539062296,True,True,False
E858,2,0.24200227539062524,0.6082362753906239,0.42511927539062455,True,True,False
E729,2,0.0,0.5780702753906226,0.2890351376953113,True,True,False
E730,2,0.0,0.5780702753906226,0.2890351376953113,True,True,False
E768,2,0.0,0.5780702753906226,0.2890351376953113,True,True,False
E998,2,0.0,0.5780702753906226,0.2890351376953113,True,True,False
E999,2,0.0,0.5780702753906226,0.2890351376953113,True,True,False
E1037,2,0.0,0.5780702753906226,0.2890351376953113,True,True,False
E741,2,0.0,0.5780642753906235,0.2890321376953118,True,True,False
E742,2,0.0,0.5780642753906235,0.2890321376953118,True,True,False
E760,2,0.0,0.5780642753906235,0.2890321376953118,True,True,False
E1010,2,0.0,0.5780642753906235,0.2890321376953118,True,True,False
E1011,2,0.0,0.5780642753906235,0.2890321376953118,True,True,False
E1029,2,0.0,0.5780642753906235,0.2890321376953118,True,True,False
E78,2,0.0,0.570070275390627,0.2850351376953135,True,True,False
E79,2,0.0,0.570070275390627,0.2850351376953135,True,True,False
E347,2,0.0,0.570070275390627,0.2850351376953135,True,True,False
E348,2,0.0,0.570070275390627,0.2850351376953135,True,True,False
E81,2,0.0,0.5700692753906225,0.28503463769531123,True,True,False
E84,2,0.0,0.5700692753906225,0.28503463769531123,True,True,False
E350,2,0.0,0.5700692753906225,0.28503463769531123,True,True,False
E353,2,0.0,0.5700692753906225,0.28503463769531123,True,True,False
E263,2,0.0,0.5427512753906285,0.27137563769531425,True,True,False
E264,2,0.0,0.5427512753906285,0.27137563769531425,True,True,False
E266,2,0.0,0.5427512753906285,0.27137563769531425,True,True,False
E267,2,0.0,0.5427512753906285,0.27137563769531425,True,True,False
E269,2,0.0,0.5427512753906285,0.27137563769531425,True,True,False
E270,2,0.0,0.5427512753906285,0.27137563769531425,True,True,False
E532,2,0.0,0.5427512753906285,0.27137563769531425,True,True,False
E533,2,0.0,0.5427512753906285,0.27137563769531425,True,True,False
E535,2,0.0,0.5427512753906285,0.27137563769531425,True,True,False
E536,2,0.0,0.5427512753906285,0.27137563769531425,True,True,False
E538,2,0.0,0.5427512753906285,0.27137563769531425,True,True,False
E539,2,0.0,0.5427512753906285,0.27137563769531425,True,True,False
E55,2,0.0,0.5010572753906217,0.25052863769531086,True,True,False
E90,2,0.0,0.5010572753906217,0.25052863769531086,True,True,False
E106,2,0.0,0.5010572753906217,0.25052863769531086,True,True,False
E108,2,0.0,0.5010572753906217,0.25052863769531086,True,True,False
E324,2,0.0,0.5010572753906217,0.25052863769531086,True,True,False
E359,2,0.0,0.5010572753906217,0.25052863769531086,True,True,False
E375,2,0.0,0.5010572753906217,0.25052863769531086,True,True,False
E377,2,0.0,0.5010572753906217,0.25052863769531086,True,True,False
E54,2,0.0,0.5010372753906225,0.25051863769531124,True,True,False
E87,2,0.0,0.5010372753906225,0.25051863769531124,True,True,False
E103,2,0.0,0.5010372753906225,0.25051863769531124,True,True,False
E105,2,0.0,0.5010372753906225,0.25051863769531124,True,True,False
E323,2,0.0,0.5010372753906225,0.25051863769531124,True,True,False
E356,2,0.0,0.5010372753906225,0.25051863769531124,True,True,False
E372,2,0.0,0.5010372753906225,0.25051863769531124,True,True,False
E374,2,0.0,0.5010372753906225,0.25051863769531124,True,True,False
E673,2,0.0,0.4892232753906285,0.24461163769531424,True,True,False
E676,2,0.0,0.4892232753906285,0.24461163769531424,True,True,False
E942,2,0.0,0.4892232753906285,0.24461163769531424,True,True,False
E945,2,0.0,0.4892232753906285,0.24461163769531424,True,True,False
E693,2,0.0,0.4892192753906244,0.2446096376953122,True,True,False
E697,2,0.0,0.4892192753906244,0.2446096376953122,True,True,False
E962,2,0.0,0.4892192753906244,0.2446096376953122,True,True,False
E966,2,0.0,0.4892192753906244,0.2446096376953122,True,True,False
E699,2,0.0,0.48583427539062285,0.24291713769531142,True,True,False
E700,2,0.0,0.48583427539062285,0.24291713769531142,True,True,False
E728,2,0.0,0.48583427539062285,0.24291713769531142,True,True,False
E968,2,0.0,0.48583427539062285,0.24291713769531142,True,True,False
E969,2,0.0,0.48583427539062285,0.24291713769531142,True,True,False
E997,2,0.0,0.48583427539062285,0.24291713769531142,True,True,False
E708,2,0.0,0.48582627539062173,0.24291313769531087,True,True,False
E709,2,0.0,0.48582627539062173,0.24291313769531087,True,True,False
E722,2,0.0,0.48582627539062173,0.24291313769531087,True,True,False
E977,2,0.0,0.48582627539062173,0.24291313769531087,True,True,False
E978,2,0.0,0.48582627539062173,0.24291313769531087,True,True,False
E991,2,0.0,0.48582627539062173,0.24291313769531087,True,True,False
E556,2,0.1505542753906255,0.4790472753906272,0.31480077539062634,True,True,False
E563,2,0.25761727539062207,0.4790472753906272,0.36833227539062463,True,True,False
E565,2,0.21849127539062607,0.4790472753906272,0.34876927539062663,True,True,False
E568,2,0.21849127539062607,0.4790472753906272,0.34876927539062663,True,True,False
E799,2,0.2932592753906249,0.4790472753906272,0.38615327539062605,True,True,False
E800,2,0.2932592753906249,0.4790472753906272,0.38615327539062605,True,True,False
E825,2,0.1505542753906255,0.4790472753906272,0.31480077539062634,True,True,False
E832,2,0.25761727539062207,0.4790472753906272,0.36833227539062463,True,True,False
E834,2,0.21849127539062607,0.4790472753906272,0.34876927539062663,True,True,False
E837,2,0.21849127539062607,0.4790472753906272,0.34876927539062663,True,True,False
E1068,2,0.2932592753906249,0.4790472753906272,0.38615327539062605,True,True,False
E1069,2,0.2932592753906249,0.4790472753906272,0.38615327539062605,True,True,False
E26,2,0.0,0.47677627539062684,0.23838813769531342,True,True,False
E40,2,0.0,0.47677627539062684,0.23838813769531342,True,True,False
E45,2,0.0,0.47677627539062684,0.23838813769531342,True,True,False
E53,2,0.0,0.47677627539062684,0.23838813769531342,True,True,False
E295,2,0.0,0.47677627539062684,0.23838813769531342,True,True,False
E309,2,0.0,0.47677627539062684,0.23838813769531342,True,True,False
E314,2,0.0,0.47677627539062684,0.23838813769531342,True,True,False
E322,2,0.0,0.47677627539062684,0.23838813769531342,True,True,False
E23,2,0.0,0.4478722753906226,0.2239361376953113,True,True,False
E35,2,0.0,0.4478722753906226,0.2239361376953113,True,True,False
E39,2,0.0,0.4478722753906226,0.2239361376953113,True,True,False
E41,2,0.0,0.4478722753906226,0.2239361376953113,True,True,False
E46,2,0.0,0.4478722753906226,0.2239361376953113,True,True,False
E49,2,0.0,0.4478722753906226,0.2239361376953113,True,True,False
E50,2,0.0,0.4478722753906226,0.2239361376953113,True,True,False
E52,2,0.0,0.4478722753906226,0.2239361376953113,True,True,False
E292,2,0.0,0.4478722753906226,0.2239361376953113,True,True,False
E304,2,0.0,0.4478722753906226,0.2239361376953113,True,True,False
E308,2,0.0,0.4478722753906226,0.2239361376953113,True,True,False
E310,2,0.0,0.4478722753906226,0.2239361376953113,True,True,False
E315,2,0.0,0.4478722753906226,0.2239361376953113,True,True,False
E318,2,0.0,0.4478722753906226,0.2239361376953113,True,True,False
E319,2,0.0,0.4478722753906226,0.2239361376953113,True,True,False
E321,2,0.0,0.4478722753906226,0.2239361376953113,True,True,False
E678,2,0.0,0.4288382753906248,0.2144191376953124,True,True,False
E681,2,0.0,0.4288382753906248,0.2144191376953124,True,True,False
E947,2,0.0,0.4288382753906248,0.2144191376953124,True,True,False
E950,2,0.0,0.4288382753906248,0.2144191376953124,True,True,False
E687,2,0.0,0.42883227539062574,0.21441613769531287,True,True,False
E692,2,0.0,0.42883227539062574,0.21441613769531287,True,True,False
E956,2,0.0,0.42883227539062574,0.21441613769531287,True,True,False
E961,2,0.0,0.42883227539062574,0.21441613769531287,True,True,False
E601,2,0.0,0.4162872753906228,0.2081436376953114,True,True,False
E635,2,0.0,0.4162872753906228,0.2081436376953114,True,True,False
E658,2,0.0,0.4162872753906228,0.2081436376953114,True,True,False
E667,2,0.0,0.4162872753906228,0.2081436376953114,True,True,False
E870,2,0.0,0.4162872753906228,0.2081436376953114,True,True,False
E904,2,0.0,0.4162872753906228,0.2081436376953114,True,True,False
E927,2,0.0,0.4162872753906228,0.2081436376953114,True,True,False
E936,2,0.0,0.4162872753906228,0.2081436376953114,True,True,False
E28,2,0.0,0.4043522753906217,0.20217613769531084,True,True,False
E29,2,0.0,0.4043522753906217,0.20217613769531084,True,True,False
E31,2,0.0,0.4043522753906217,0.20217613769531084,True,True,False
E32,2,0.0,0.4043522753906217,0.20217613769531084,True,True,False
E297,2,0.0,0.4043522753906217,0.20217613769531084,True,True,False
E298,2,0.0,0.4043522753906217,0.20217613769531084,True,True,False
E300,2,0.0,0.4043522753906217,0.20217613769531084,True,True,False
E301,2,0.0,0.4043522753906217,0.20217613769531084,True,True,False
E743,2,0.0,0.3997032753906282,0.1998516376953141,True,True,False
E745,2,0.0,0.3997032753906282,0.1998516376953141,True,True,False
E757,2,0.0,0.3997032753906282,0.1998516376953141,True,True,False
E1012,2,0.0,0.3997032753906282,0.1998516376953141,True,True,False
E1014,2,0.0,0.3997032753906282,0.1998516376953141,True,True,False
E1026,2,0.0,0.3997032753906282,0.1998516376953141,True,True,False
E731,2,0.0,0.39970227539062364,0.19985113769531182,True,True,False
E733,2,0.0,0.39970227539062364,0.19985113769531182,True,True,False
E762,2,0.0,0.39970227539062364,0.19985113769531182,True,True,False
E1000,2,0.0,0.39970227539062364,0.19985113769531182,True,True,False
E1002,2,0.0,0.39970227539062364,0.19985113769531182,True,True,False
E1031,2,0.0,0.39970227539062364,0.19985113769531182,True,True,False
E744,2,0.0,0.37094027539062324,0.18547013769531162,True,True,False
E748,2,0.0,0.37094027539062324,0.18547013769531162,True,True,False
E754,2,0.0,0.37094027539062324,0.18547013769531162,True,True,False
E1013,2,0.0,0.37094027539062324,0.18547013769531162,True,True,False
E1017,2,0.0,0.37094027539062324,0.18547013769531162,True,True,False
E1023,2,0.0,0.37094027539062324,0.18547013769531162,True,True,False
E732,2,0.0,0.37091027539062793,0.18545513769531397,True,True,False
E736,2,0.0,0.37091027539062793,0.18545513769531397,True,True,False
E766,2,0.0,0.37091027539062793,0.18545513769531397,True,True,False
E1001,2,0.0,0.37091027539062793,0.18545513769531397,True,True,False
E1005,2,0.0,0.37091027539062793,0.18545513769531397,True,True,False
E1035,2,0.0,0.37091027539062793,0.18545513769531397,True,True,False
E691,2,0.0,0.3631102753906248,0.1815551376953124,True,True,False
E696,2,0.0,0.3631102753906248,0.1815551376953124,True,True,False
E960,2,0.0,0.3631102753906248,0.1815551376953124,True,True,False
E965,2,0.0,0.3631102753906248,0.1815551376953124,True,True,False
E682,2,0.0,0.3630832753906219,0.18154163769531095,True,True,False
E698,2,0.0,0.3630832753906219,0.18154163769531095,True,True,False
E951,2,0.0,0.3630832753906219,0.18154163769531095,True,True,False
E967,2,0.0,0.3630832753906219,0.18154163769531095,True,True,False
E701,2,0.0,0.3390252753906253,0.16951263769531266,True,True,False
E703,2,0.0,0.3390252753906253,0.16951263769531266,True,True,False
E726,2,0.0,0.3390252753906253,0.16951263769531266,True,True,False
E970,2,0.0,0.3390252753906253,0.16951263769531266,True,True,False
E972,2,0.0,0.3390252753906253,0.16951263769531266,True,True,False
E995,2,0.0,0.3390252753906253,0.16951263769531266,True,True,False
E710,2,0.0,0.3390212753906283,0.16951063769531416,True,True,False
E712,2,0.0,0.3390212753906283,0.16951063769531416,True,True,False
E718,2,0.0,0.3390212753906283,0.16951063769531416,True,True,False
E979,2,0.0,0.3390212753906283,0.16951063769531416,True,True,False
E981,2,0.0,0.3390212753906283,0.16951063769531416,True,True,False
E987,2,0.0,0.3390212753906283,0.16951063769531416,True,True,False
E611,2,0.0,0.33711827539062256,0.16855913769531128,True,True,False
E613,2,0.0,0.33711827539062256,0.16855913769531128,True,True,False
E880,2,0.0,0.33711827539062256,0.16855913769531128,True,True,False
E882,2,0.0,0.33711827539062256,0.16855913769531128,True,True,False
E620,2,0.0,0.3371172753906251,0.16855863769531254,True,True,False
E623,2,0.0,0.3371172753906251,0.16855863769531254,True,True,False
E889,2,0.0,0.3371172753906251,0.16855863769531254,True,True,False
E892,2,0.0,0.3371172753906251,0.16855863769531254,True,True,False
E597,2,0.0,0.3364582753906262,0.1682291376953131,True,True,False
E631,2,0.0,0.3364582753906262,0.1682291376953131,True,True,False
E652,2,0.0,0.3364582753906262,0.1682291376953131,True,True,False
E654,2,0.0,0.3364582753906262,0.1682291376953131,True,True,False
E866,2,0.0,0.3364582753906262,0.1682291376953131,True,True,False
E900,2,0.0,0.3364582753906262,0.1682291376953131,True,True,False
E921,2,0.0,0.3364582753906262,0.1682291376953131,True,True,False
E923,2,0.0,0.3364582753906262,0.1682291376953131,True,True,False
E596,2,0.0,0.33645627539062417,0.16822813769531209,True,True,False
E629,2,0.0,0.33645627539062417,0.16822813769531209,True,True,False
E647,2,0.0,0.33645627539062417,0.16822813769531209,True,True,False
E650,2,0.0,0.33645627539062417,0.16822813769531209,True,True,False
E865,2,0.0,0.33645627539062417,0.16822813769531209,True,True,False
E898,2,0.0,0.33645627539062417,0.16822813769531209,True,True,False
E916,2,0.0,0.33645627539062417,0.16822813769531209,True,True,False
E919,2,0.0,0.33645627539062417,0.16822813769531209,True,True,False
E616,2,0.0,0.3080172753906254,0.1540086376953127,True,True,False
E617,2,0.0,0.3080172753906254,0.1540086376953127,True,True,False
E619,2,0.0,0.3080172753906254,0.1540086376953127,True,True,False
E622,2,0.0,0.3080172753906254,0.1540086376953127,True,True,False
E885,2,0.0,0.3080172753906254,0.1540086376953127,True,True,False
E886,2,0.0,0.3080172753906254,0.1540086376953127,True,True,False
E888,2,0.0,0.3080172753906254,0.1540086376953127,True,True,False
E891,2,0.0,0.3080172753906254,0.1540086376953127,True,True,False
E801,2,0.0,0.2932592753906249,0.14662963769531245,True,True,False
E802,2,0.0,0.2932592753906249,0.14662963769531245,True,True,False
E804,2,0.0,0.2932592753906249,0.14662963769531245,True,True,False
E805,2,0.0,0.2932592753906249,0.14662963769531245,True,True,False
E807,2,0.0,0.2932592753906249,0.14662963769531245,True,True,False
E808,2,0.0,0.2932592753906249,0.14662963769531245,True,True,False
E1070,2,0.0,0.2932592753906249,0.14662963769531245,True,True,False
E1071,2,0.0,0.2932592753906249,0.14662963769531245,True,True,False
E1073,2,0.0,0.2932592753906249,0.14662963769531245,True,True,False
E1074,2,0.0,0.2932592753906249,0.14662963769531245,True,True,False
E1076,2,0.0,0.2932592753906249,0.14662963769531245,True,True,False
E1077,2,0.0,0.2932592753906249,0.14662963769531245,True,True,False
E19,2,0.0,0.27859627539062615,0.13929813769531307,True,True,False
E20,2,0.0,0.27859627539062615,0.13929813769531307,True,True,False
E21,2,0.0,0.27859627539062615,0.13929813769531307,True,True,False
E22,2,0.0,0.27859627539062615,0.13929813769531307,True,True,False
E288,2,0.0,0.27859627539062615,0.13929813769531307,True,True,False
E289,2,0.0,0.27859627539062615,0.13929813769531307,True,True,False
E290,2,0.0,0.27859627539062615,0.13929813769531307,True,True,False
E291,2,0.0,0.27859627539062615,0.13929813769531307,True,True,False
E593,2,0.0,0.2707342753906232,0.1353671376953116,True,True,False
E628,2,0.0,0.2707342753906232,0.1353671376953116,True,True,False
E644,2,0.0,0.2707342753906232,0.1353671376953116,True,True,False
E646,2,0.0,0.2707342753906232,0.1353671376953116,True,True,False
E862,2,0.0,0.2707342753906232,0.1353671376953116,True,True,False
E897,2,0.0,0.2707342753906232,0.1353671376953116,True,True,False
E913,2,0.0,0.2707342753906232,0.1353671376953116,True,True,False
E915,2,0.0,0.2707342753906232,0.1353671376953116,True,True,False
E592,2,0.0,0.27072427539062716,0.13536213769531358,True,True,False
E625,2,0.0,0.27072427539062716,0.13536213769531358,True,True,False
E641,2,0.0,0.27072427539062716,0.13536213769531358,True,True,False
E643,2,0.0,0.27072427539062716,0.13536213769531358,True,True,False
E861,2,0.0,0.27072427539062716,0.13536213769531358,True,True,False
E894,2,0.0,0.27072427539062716,0.13536213769531358,True,True,False
E910,2,0.0,0.27072427539062716,0.13536213769531358,True,True,False
E912,2,0.0,0.27072427539062716,0.13536213769531358,True,True,False
E564,2,0.0,0.25761727539062207,0.12880863769531103,True,True,False
E578,2,0.0,0.25761727539062207,0.12880863769531103,True,True,False
E583,2,0.0,0.25761727539062207,0.12880863769531103,True,True,False
E591,2,0.0,0.25761727539062207,0.12880863769531103,True,True,False
E833,2,0.0,0.25761727539062207,0.12880863769531103,True,True,False
E847,2,0.0,0.25761727539062207,0.12880863769531103,True,True,False
E852,2,0.0,0.25761727539062207,0.12880863769531103,True,True,False
E860,2,0.0,0.25761727539062207,0.12880863769531103,True,True,False
E561,2,0.0,0.24200227539062524,0.12100113769531262,True,True,False
E573,2,0.0,0.24200227539062524,0.12100113769531262,True,True,False
E577,2,0.0,0.24200227539062524,0.12100113769531262,True,True,False
E579,2,0.0,0.24200227539062524,0.12100113769531262,True,True,False
E584,2,0.0,0.24200227539062524,0.12100113769531262,True,True,False
E587,2,0.0,0.24200227539062524,0.12100113769531262,True,True,False
E588,2,0.0,0.24200227539062524,0.12100113769531262,True,True,False
E590,2,0.0,0.24200227539062524,0.12100113769531262,True,True,False
E830,2,0.0,0.24200227539062524,0.12100113769531262,True,True,False
E842,2,0.0,0.24200227539062524,0.12100113769531262,True,True,False
E846,2,0.0,0.24200227539062524,0.12100113769531262,True,True,False
E848,2,0.0,0.24200227539062524,0.12100113769531262,True,True,False
E853,2,0.0,0.24200227539062524,0.12100113769531262,True,True,False
E856,2,0.0,0.24200227539062524,0.12100113769531262,True,True,False
E857,2,0.0,0.24200227539062524,0.12100113769531262,True,True,False
E859,2,0.0,0.24200227539062524,0.12100113769531262,True,True,False
E566,2,0.0,0.21849127539062607,0.10924563769531304,True,True,False
E567,2,0.0,0.21849127539062607,0.10924563769531304,True,True,False
E569,2,0.0,0.21849127539062607,0.10924563769531304,True,True,False
E570,2,0.0,0.21849127539062607,0.10924563769531304,True,True,False
E835,2,0.0,0.21849127539062607,0.10924563769531304,True,True,False
E836,2,0.0,0.21849127539062607,0.10924563769531304,True,True,False
E838,2,0.0,0.21849127539062607,0.10924563769531304,True,True,False
E839,2,0.0,0.21849127539062607,0.10924563769531304,True,True,False
E557,2,0.0,0.1505542753906255,0.07527713769531275,True,True,False
E558,2,0.0,0.1505542753906255,0.07527713769531275,True,True,False
E559,2,0.0,0.1505542753906255,0.07527713769531275,True,True,False
E560,2,0.0,0.1505542753906255,0.07527713769531275,True,True,False
E826,2,0.0,0.1505542753906255,0.07527713769531275,True,True,False
E827,2,0.0,0.1505542753906255,0.07527713769531275,True,True,False
E828,2,0.0,0.1505542753906255,0.07527713769531275,True,True,False
E829,2,0.0,0.1505542753906255,0.07527713769531275,True,True,False
E1,2,0.0,0.0,0.0,False,False,False
